ID,Publisher,Genre,Global_Sales
16574.0,Prototype,Adventure,0.01
16570.0,Namco Bandai Games,Action,0.01
16569.0,Trion Worlds,Strategy,0.01
16568.0,Rain Games,Platform,0.01
16563.0,5pb,Adventure,0.01
16560.0,Nitroplus,Adventure,0.01
16556.0,N/A,Role-Playing,0.2
16551.0,Idea Factory,Action,0.01
16549.0,Quinrose,Action,0.01
16545.0,Nintendo,Misc,0.01
16538.0,Namco Bandai Games,Action,0.01
16531.0,Tecmo Koei,Adventure,0.13
16529.0,Alchemist,Adventure,0.01
16519.0,CyberFront,Misc,0.01
16515.0,UFO Interactive,Puzzle,0.01
16510.0,Quinrose,Adventure,0.01
16503.0,Quinrose,Adventure,0.01
16502.0,HuneX,Action,0.01
16498.0,Asgard,Action,0.01
16497.0,N/A,Puzzle,0.01
16488.0,Broccoli,Action,0.01
16485.0,Namco Bandai Games,Fighting,0.01
16483.0,5pb,Simulation,0.01
16480.0,Idea Factory,Action,0.01
16473.0,Idea Factory,Misc,0.06
16463.0,Unknown,Action,0.01
16459.0,Nintendo,Misc,0.01
16454.0,Views,Adventure,0.01
16446.0,Quinrose,Adventure,0.01
16438.0,Arc System Works,Adventure,0.01
16433.0,ASCII Media Works,Adventure,0.01
16428.0,5pb,Adventure,0.02
16426.0,imageepoch Inc.,Adventure,0.01
16414.0,Activision,Action,0.01
16413.0,Namco Bandai Games,Fighting,0.01
16410.0,Namco Bandai Games,Fighting,0.01
16383.0,Kadokawa Games,Action,0.01
16372.0,Quinrose,Adventure,0.03
16366.0,Bethesda Softworks,Action,0.01
16364.0,Focus Home Interactive,Strategy,0.01
16363.0,Idea Factory,Adventure,0.01
16352.0,Otomate,Adventure,0.01
16330.0,Namco Bandai Games,Shooter,0.14
16329.0,Square Enix,Role-Playing,0.01
16325.0,Idea Factory,Adventure,0.01
16320.0,Success,Adventure,0.01
16319.0,Quinrose,Adventure,0.01
16318.0,Idea Factory,Adventure,0.01
16314.0,Funbox Media,Strategy,0.01
16306.0,Kadokawa Games,Action,0.01
16305.0,Ubisoft,Puzzle,0.01
16304.0,Avanquest Software,Action,0.01
16303.0,NetRevo,Action,0.01
16301.0,Nitroplus,Fighting,0.05
16292.0,Ascaron Entertainment,Strategy,0.01
16289.0,Unknown,Strategy,0.01
16288.0,Yeti,Action,0.01
16277.0,Focus Home Interactive,Action,0.01
16275.0,5pb,Adventure,0.07
16271.0,GungHo,Action,0.01
16269.0,Minato Station,Adventure,0.01
16253.0,Capcom,Platform,0.01
16243.0,Arc System Works,Role-Playing,0.01
16226.0,5pb,Adventure,0.01
16219.0,Marvelous Entertainment,Action,0.01
16218.0,Namco Bandai Games,Action,0.01
16217.0,FuRyu,Action,0.01
16208.0,Moss,Shooter,0.01
16207.0,Kadokawa Games,Adventure,0.01
16205.0,Idea Factory,Action,0.01
16203.0,Unknown,Action,0.01
16194.0,N/A,Strategy,0.01
16192.0,Sega,Racing,2.48
16186.0,Kadokawa Games,Adventure,0.02
16185.0,Idea Factory,Misc,0.01
16177.0,Nordic Games,Misc,0.01
16172.0,Namco Bandai Games,Adventure,0.01
16168.0,Alchemist,Adventure,0.01
16164.0,Nippon Ichi Software,Platform,0.01
16158.0,Boost On,Adventure,0.01
16149.0,Unknown,Action,0.01
16148.0,Focus Multimedia,Puzzle,0.01
16142.0,Idea Factory,Action,0.01
16134.0,Tecmo Koei,Misc,0.01
16124.0,Mastertronic,Racing,0.01
16122.0,Kaga Create,Adventure,0.01
16117.0,5pb,Adventure,0.01
16115.0,Kaga Create,Adventure,0.01
16113.0,Cave,Shooter,0.01
16112.0,Alawar Entertainment,Action,0.01
16110.0,Idea Factory,Adventure,0.01
16102.0,Prototype,Adventure,0.01
16099.0,Idea Factory,Action,0.01
16084.0,"Interworks Unlimited, Inc.",Sports,0.01
16078.0,5pb,Action,0.01
16075.0,Happinet,Simulation,0.01
16067.0,Namco Bandai Games,Action,0.01
16052.0,Quinrose,Action,0.03
16046.0,TopWare Interactive,Role-Playing,0.01
16035.0,Idea Factory,Adventure,0.01
16017.0,Ackkstudios,Strategy,0.01
16010.0,Experience Inc.,Role-Playing,0.01
15981.0,Broccoli,Action,0.02
15976.0,D3Publisher,Adventure,0.02
15972.0,Take-Two Interactive,Strategy,0.02
15970.0,D3Publisher,Simulation,0.09
15967.0,Easy Interactive,Puzzle,0.02
15964.0,Focus Home Interactive,Simulation,0.02
15956.0,Namco Bandai Games,Action,0.02
15950.0,Namco Bandai Games,Adventure,0.03
15948.0,Prototype,Adventure,0.02
15946.0,D3Publisher,Action,0.02
15935.0,Idea Factory,Adventure,0.02
15929.0,D3Publisher,Action,0.02
15928.0,Namco Bandai Games,Action,0.03
15926.0,Paradox Interactive,Role-Playing,0.02
15925.0,Alchemist,Role-Playing,0.02
15911.0,Little Orbit,Adventure,0.03
15910.0,5pb,Action,0.02
15900.0,Electronic Arts,Simulation,0.02
15884.0,Giga,Adventure,0.02
15866.0,Capcom,Action,0.02
15864.0,Comfort,Adventure,0.02
15863.0,Focus Home Interactive,Platform,0.02
15860.0,5pb,Adventure,0.02
15859.0,D3Publisher,Misc,0.02
15849.0,Idea Factory,Action,0.02
15847.0,Aqua Plus,Adventure,0.06
15842.0,D3Publisher,Adventure,0.02
15832.0,Capcom,Adventure,0.02
15825.0,Giza10,Action,0.02
15813.0,D3Publisher,Action,0.02
15796.0,HuneX,Adventure,0.02
15783.0,Idea Factory,Action,0.02
15774.0,Idea Factory,Adventure,0.02
15772.0,Idea Factory,Action,0.02
15757.0,Idea Factory,Action,0.02
15743.0,Namco Bandai Games,Action,0.02
15735.0,Idea Factory,Action,0.02
15724.0,Idea Factory,Adventure,0.02
15714.0,Namco Bandai Games,Action,0.02
15712.0,Namco Bandai Games,Strategy,0.02
15694.0,Kadokawa Games,Adventure,0.02
15692.0,5pb,Adventure,0.15
15679.0,Namco Bandai Games,Action,0.02
15667.0,Ubisoft,Misc,0.03
15646.0,CyberFront,Action,0.02
15644.0,Prototype,Adventure,0.02
15637.0,Idea Factory,Action,0.02
15621.0,Namco Bandai Games,Action,0.03
15618.0,Irem Software Engineering,Action,0.02
15593.0,Asgard,Misc,0.02
15584.0,Happinet,Misc,0.02
15580.0,Marvelous Interactive,Misc,0.03
15577.0,Avanquest Software,Misc,0.02
15573.0,Tecmo Koei,Action,0.02
15572.0,Kadokawa Games,Role-Playing,0.02
15564.0,5pb,Action,0.02
15563.0,Arc System Works,Action,0.02
15560.0,Prototype,Adventure,0.02
15558.0,Namco Bandai Games,Action,0.02
15557.0,dramatic create,Adventure,0.02
15546.0,IE Institute,Action,0.02
15542.0,Devolver Digital,Puzzle,0.02
15520.0,Aerosoft,Simulation,0.02
15515.0,Idea Factory,Action,0.02
15512.0,Cave,Action,0.02
15509.0,Broccoli,Adventure,0.02
15501.0,Licensed 4U,Puzzle,0.02
15498.0,Focus Multimedia,Misc,0.02
15496.0,D3Publisher,Action,0.02
15493.0,Atlus,Strategy,0.02
15491.0,Tecmo Koei,Action,0.36
15480.0,Namco Bandai Games,Fighting,0.02
15477.0,D3Publisher,Action,0.04
15475.0,Compile Heart,Action,0.02
15472.0,Namco Bandai Games,Action,0.02
15455.0,Paradox Interactive,Role-Playing,0.02
15453.0,Namco Bandai Games,Action,0.03
15452.0,Tecmo Koei,Action,0.02
15449.0,Tecmo Koei,Strategy,0.02
15448.0,Nippon Ichi Software,Role-Playing,0.02
15445.0,Nordic Games,Action,0.03
15443.0,Arc System Works,Action,0.02
15438.0,Focus Multimedia,Puzzle,0.02
15435.0,Namco Bandai Games,Action,0.02
15434.0,Namco Bandai Games,Action,0.02
15427.0,Marvelous Games,Adventure,0.02
15425.0,Namco Bandai Games,Adventure,0.02
15424.0,Kadokawa Shoten,Adventure,0.02
15416.0,Idea Factory,Adventure,0.02
15409.0,Tecmo Koei,Fighting,0.38
15408.0,D3Publisher,Adventure,0.02
15401.0,Falcom Corporation,Role-Playing,0.08
15400.0,Comfort,Action,0.02
15396.0,Sony Computer Entertainment,Role-Playing,0.02
15393.0,Starfish,Role-Playing,0.02
15387.0,Namco Bandai Games,Misc,0.02
15386.0,Sega,Action,0.02
15374.0,Avanquest Software,Action,0.02
15361.0,Big Ben Interactive,Adventure,0.02
15360.0,Alchemist,Adventure,0.02
15355.0,Idea Factory,Action,0.02
15352.0,Iceberg Interactive,Strategy,0.02
15350.0,Namco Bandai Games,Action,0.02
15345.0,Namco Bandai Games,Adventure,0.02
15343.0,Idea Factory,Adventure,0.02
15335.0,Alchemist,Shooter,0.02
15334.0,Nippon Ichi Software,Role-Playing,0.02
15313.0,Capcom,Role-Playing,0.02
15308.0,Alternative Software,Action,0.02
15297.0,Arc System Works,Action,0.02
15272.0,505 Games,Shooter,1.85
15269.0,Idea Factory,Adventure,0.02
15267.0,Minato Station,Action,0.02
15256.0,Warner Bros. Interactive Entertainment,Misc,0.02
15255.0,Compile Heart,Adventure,0.02
15241.0,Namco Bandai Games,Action,0.02
15238.0,Views,Action,0.02
15230.0,FuRyu,Role-Playing,0.04
15228.0,Idea Factory,Adventure,0.05
15226.0,Idea Factory,Adventure,0.02
15219.0,Idea Factory,Action,0.02
15196.0,Kadokawa Games,Simulation,0.02
15172.0,Nippon Ichi Software,Role-Playing,0.02
15160.0,Unknown,Action,0.02
15144.0,Sony Computer Entertainment,Action,0.02
15143.0,Sega,Misc,0.02
15132.0,Idea Factory,Adventure,0.02
15127.0,FuRyu,Action,0.02
15107.0,Disney Interactive Studios,Action,0.04
15103.0,Tecmo Koei,Misc,0.02
15084.0,Deep Silver,Misc,0.02
15081.0,FuRyu,Adventure,0.02
15074.0,Avanquest Software,Action,0.02
15059.0,N/A,Platform,0.02
15054.0,Licensed 4U,Action,0.02
15050.0,Kadokawa Shoten,Strategy,0.04
15043.0,Tecmo Koei,Action,0.04
15033.0,Idea Factory,Adventure,0.02
15004.0,Namco Bandai Games,Action,0.02
14996.0,Kalypso Media,Strategy,0.02
14988.0,Idea Factory,Action,0.02
14981.0,Sega,Fighting,0.04
14980.0,Namco Bandai Games,Adventure,0.02
14975.0,Namco Bandai Games,Action,0.02
14974.0,Compile Heart,Role-Playing,0.02
14955.0,5pb,Action,0.02
14951.0,Idea Factory,Action,0.02
14940.0,Namco Bandai Games,Action,0.02
14927.0,5pb,Adventure,0.02
14914.0,Idea Factory,Adventure,0.02
14892.0,Paon Corporation,Misc,0.03
14885.0,Namco Bandai Games,Misc,0.03
14884.0,Idea Factory,Adventure,0.03
14880.0,Kadokawa Games,Adventure,0.03
14879.0,City Interactive,Simulation,0.03
14864.0,Capcom,Action,0.03
14862.0,Idea Factory,Role-Playing,0.03
14860.0,Prototype,Action,0.12
14849.0,Nippon Ichi Software,Adventure,0.03
14833.0,Marvelous Entertainment,Misc,0.03
14831.0,Alchemist,Misc,0.03
14821.0,Little Orbit,Action,0.05
14819.0,Activision,Strategy,0.03
14816.0,TGL,Adventure,0.03
14813.0,FuRyu,Simulation,0.03
14806.0,Compile Heart,Adventure,0.03
14795.0,Idea Factory,Adventure,0.03
14773.0,Idea Factory,Action,0.03
14769.0,Arc System Works,Fighting,0.03
14760.0,FuRyu Corporation,Action,0.03
14757.0,Arc System Works,Adventure,0.05
14751.0,Namco Bandai Games,Action,0.03
14749.0,Namco Bandai Games,Action,0.03
14745.0,Licensed 4U,Action,0.07
14729.0,Easy Interactive,Puzzle,0.03
14702.0,Rocket Company,Action,0.03
14697.0,CyberFront,Role-Playing,0.03
14690.0,Tecmo Koei,Action,0.72
14688.0,Tecmo Koei,Action,0.05
14684.0,Avanquest Software,Action,0.03
14681.0,Namco Bandai Games,Action,0.03
14678.0,Ackkstudios,Role-Playing,0.03
14661.0,Broccoli,Adventure,0.03
14650.0,TGL,Adventure,0.03
14649.0,Daedalic Entertainment,Adventure,0.03
14634.0,Rondomedia,Adventure,0.03
14628.0,Tecmo Koei,Strategy,0.28
14619.0,5pb,Role-Playing,0.03
14618.0,Konami Digital Entertainment,Adventure,0.03
14609.0,BushiRoad,Adventure,0.03
14604.0,dramatic create,Adventure,0.03
14591.0,Asgard,Misc,0.03
14585.0,Namco Bandai Games,Misc,0.03
14584.0,Kaga Create,Action,0.04
14579.0,Unknown,Puzzle,0.03
14570.0,Quinrose,Action,0.03
14562.0,Compile Heart,Role-Playing,0.03
14557.0,Rising Star Games,Action,0.03
14552.0,Sega,Action,0.03
14548.0,Little Orbit,Action,0.07
14530.0,5pb,Simulation,0.03
14511.0,Namco Bandai Games,Misc,0.03
14486.0,Activision,Shooter,0.08
14484.0,Namco Bandai Games,Action,0.03
14482.0,Activision,Action,0.09
14480.0,Intergrow,Platform,0.03
14473.0,Nippon Ichi Software,Adventure,0.03
14470.0,Extreme Entertainment Group,Role-Playing,0.03
14464.0,TGL,Adventure,0.03
14458.0,ChunSoft,Adventure,0.06
14444.0,Idea Factory,Action,0.03
14441.0,Idea Factory,Action,0.03
14440.0,Kadokawa Games,Action,0.03
14435.0,dramatic create,Adventure,0.03
14428.0,Alchemist,Adventure,0.03
14406.0,Capcom,Fighting,0.03
14405.0,Rising Star Games,Adventure,0.03
14397.0,Cygames,Platform,0.03
14395.0,5pb,Adventure,0.06
14385.0,Idea Factory,Action,0.03
14382.0,Rocket Company,Role-Playing,0.03
14378.0,Namco Bandai Games,Sports,0.03
14376.0,Idea Factory,Adventure,0.03
14370.0,Namco Bandai Games,Adventure,0.03
14362.0,Namco Bandai Games,Action,0.03
14361.0,PQube,Action,0.03
14353.0,Kaga Create,Action,0.03
14351.0,Rising Star Games,Role-Playing,0.03
14343.0,FuRyu,Role-Playing,0.04
14333.0,Headup Games,Adventure,0.03
14328.0,D3Publisher,Adventure,0.03
14319.0,Namco Bandai Games,Action,0.03
14314.0,N/A,Action,0.03
14312.0,Reef Entertainment,Adventure,0.1
14300.0,Namco Bandai Games,Adventure,0.06
14294.0,Rocket Company,Role-Playing,0.03
14282.0,Office Create,Simulation,0.03
14279.0,Namco Bandai Games,Action,0.03
14277.0,Big Fish Games,Action,0.03
14276.0,Unknown,Role-Playing,0.03
14271.0,Level 5,Misc,0.03
14262.0,imageepoch Inc.,Role-Playing,0.03
14261.0,Namco Bandai Games,Simulation,0.03
14252.0,Unknown,Action,0.03
14251.0,Namco Bandai Games,Action,0.03
14247.0,Tru Blu Entertainment,Action,0.09
14230.0,Namco Bandai Games,Fighting,0.06
14228.0,Agatsuma Entertainment,Platform,0.03
14215.0,Sega,Action,0.03
14210.0,Namco Bandai Games,Action,0.03
14193.0,Tecmo Koei,Strategy,0.03
14177.0,Idea Factory,Action,0.03
14173.0,Nippon Ichi Software,Role-Playing,0.03
14170.0,Maximum Family Games,Action,0.03
14158.0,Unknown,Action,0.5
14156.0,Nippon Ichi Software,Action,0.03
14147.0,Kadokawa Games,Role-Playing,0.03
14145.0,Fields,Misc,0.03
14144.0,Focus Home Interactive,Sports,0.05
14128.0,Namco Bandai Games,Action,0.03
14126.0,Office Create,Simulation,0.03
14117.0,Namco Bandai Games,Misc,0.03
14110.0,Shogakukan,Misc,0.03
14108.0,D3Publisher,Action,0.06
14103.0,D3Publisher,Sports,0.13
14097.0,Ubisoft,Role-Playing,0.04
14093.0,Prototype,Adventure,0.05
14085.0,Ubisoft,Action,0.04
14055.0,Tecmo Koei,Strategy,0.04
14029.0,Capcom,Action,0.04
14026.0,Namco Bandai Games,Role-Playing,0.04
13992.0,Daedalic Entertainment,Adventure,0.04
13990.0,Nippon Ichi Software,Role-Playing,0.04
13979.0,Namco Bandai Games,Role-Playing,0.07
13978.0,Idea Factory,Adventure,0.04
13976.0,Idea Factory,Action,0.04
13957.0,GungHo,Role-Playing,0.46
13938.0,Namco Bandai Games,Misc,0.04
13933.0,5pb,Adventure,0.09
13932.0,Unknown,Simulation,0.04
13924.0,Namco Bandai Games,Action,0.04
13922.0,Namco Bandai Games,Action,0.04
13918.0,Take-Two Interactive,Strategy,0.04
13917.0,Ubisoft,Misc,0.04
13903.0,Namco Bandai Games,Action,0.04
13889.0,Nintendo,Action,0.04
13869.0,Koch Media,Puzzle,0.04
13866.0,Experience Inc.,Role-Playing,0.04
13862.0,Namco Bandai Games,Action,0.04
13856.0,Idea Factory International,Role-Playing,0.04
13840.0,FuRyu,Action,0.04
13838.0,Electronic Arts,Simulation,0.04
13822.0,Unknown,Adventure,0.1
13792.0,Compile Heart,Adventure,0.04
13773.0,Happinet,Adventure,0.04
13762.0,Sega,Sports,0.04
13761.0,Sony Computer Entertainment,Action,0.04
13759.0,Unknown,Racing,0.09
13748.0,Ackkstudios,Action,0.04
13733.0,Take-Two Interactive,Sports,0.04
13732.0,GameMill Entertainment,Action,0.04
13727.0,Idea Factory,Action,0.04
13719.0,Konami Digital Entertainment,Action,0.04
13707.0,Spike,Role-Playing,0.17
13695.0,Cloud Imperium Games Corporation,Fighting,0.08
13685.0,Ubisoft,Misc,0.04
13655.0,Ubisoft,Action,0.04
13654.0,Namco Bandai Games,Action,0.04
13647.0,Namco Bandai Games,Action,0.04
13634.0,Funbox Media,Action,0.04
13609.0,Namco Bandai Games,Fighting,0.04
13600.0,FuRyu,Action,0.04
13590.0,Namco Bandai Games,Simulation,0.04
13567.0,D3Publisher,Platform,0.04
13558.0,Compile Heart,Role-Playing,0.04
13556.0,Namco Bandai Games,Action,0.04
13546.0,Nordic Games,Shooter,0.06
13498.0,Tecmo Koei,Simulation,0.04
13486.0,Aksys Games,Role-Playing,0.07
13477.0,Namco Bandai Games,Action,0.04
13475.0,Tecmo Koei,Role-Playing,0.26
13447.0,Idea Factory,Adventure,0.05
13443.0,Warner Bros. Interactive Entertainment,Action,0.05
13410.0,Tecmo Koei,Role-Playing,0.32
13409.0,Sega,Role-Playing,0.05
13404.0,Namco Bandai Games,Racing,0.05
13398.0,Idea Factory,Action,0.05
13393.0,FuRyu,Action,0.05
13375.0,Arc System Works,Adventure,0.08
13363.0,Nippon Ichi Software,Adventure,0.09
13356.0,Activision,Action,0.08
13328.0,Sony Computer Entertainment,Adventure,0.05
13306.0,Capcom,Action,0.05
13287.0,Deep Silver,Action,0.05
13284.0,Idea Factory,Adventure,0.05
13277.0,Idea Factory,Misc,0.05
13275.0,Namco Bandai Games,Adventure,0.05
13262.0,Namco Bandai Games,Role-Playing,0.05
13228.0,Alchemist,Action,0.05
13192.0,Nintendo,Misc,0.05
13190.0,Genki,Action,0.05
13170.0,Square Enix,Role-Playing,0.05
13159.0,Microsoft Game Studios,Sports,0.05
13157.0,Level 5,Action,0.05
13133.0,Nippon Ichi Software,Role-Playing,0.55
13130.0,Namco Bandai Games,Action,0.09
13128.0,Tecmo Koei,Sports,0.07
13098.0,D3Publisher,Racing,0.64
13094.0,Namco Bandai Games,Role-Playing,0.08
13083.0,PQube,Adventure,0.13
13077.0,Aqua Plus,Adventure,0.16
13075.0,Namco Bandai Games,Action,0.05
13048.0,Namco Bandai Games,Shooter,0.12
13027.0,Marvel Entertainment,Action,0.05
13015.0,Xseed Games,Shooter,0.05
13006.0,Nippon Ichi Software,Role-Playing,0.05
12993.0,Kadokawa Shoten,Adventure,0.05
12962.0,D3Publisher,Role-Playing,0.05
12951.0,Atlus,Role-Playing,0.4
12950.0,Nordic Games,Role-Playing,0.34
12949.0,Namco Bandai Games,Shooter,0.05
12942.0,Tecmo Koei,Racing,0.09
12941.0,Namco Bandai Games,Action,0.05
12935.0,5pb,Adventure,0.07
12920.0,Tecmo Koei,Strategy,0.09
12919.0,Namco Bandai Games,Action,0.05
12918.0,FuRyu,Action,0.05
12916.0,Namco Bandai Games,Misc,0.05
12889.0,WayForward Technologies,Adventure,0.05
12861.0,Aksys Games,Action,0.05
12859.0,Kaga Create,Misc,0.05
12855.0,Sega,Misc,0.05
12832.0,Electronic Arts,Action,0.09
12824.0,Kadokawa Shoten,Adventure,0.05
12807.0,Tecmo Koei,Strategy,0.25
12802.0,Bigben Interactive,Sports,0.12
12784.0,Nordic Games,Sports,0.08
12767.0,DTP Entertainment,Adventure,0.06
12758.0,Namco Bandai Games,Action,0.06
12756.0,Kadokawa Shoten,Adventure,0.23
12749.0,Level 5,Role-Playing,0.06
12746.0,Sony Computer Entertainment,Adventure,0.06
12744.0,Idea Factory,Action,0.06
12731.0,Tecmo Koei,Action,0.06
12713.0,Square Enix,Role-Playing,0.06
12695.0,Deep Silver,Racing,0.11
12691.0,Tecmo Koei,Action,0.1
12681.0,Nippon Ichi Software,Adventure,0.06
12652.0,Namco Bandai Games,Role-Playing,0.06
12645.0,Rising Star Games,Puzzle,0.06
12640.0,Telltale Games,Adventure,0.17
12627.0,5pb,Action,0.16
12614.0,Marvelous Entertainment,Role-Playing,0.06
12612.0,Namco Bandai Games,Adventure,0.06
12610.0,Namco Bandai Games,Role-Playing,0.06
12604.0,Kadokawa Shoten,Role-Playing,0.06
12599.0,FuRyu,Action,0.06
12573.0,Capcom,Action,0.17
12562.0,Compile Heart,Role-Playing,0.06
12559.0,Take-Two Interactive,Fighting,0.64
12558.0,505 Games,Action,0.09
12541.0,Namco Bandai Games,Role-Playing,0.06
12522.0,Namco Bandai Games,Action,0.06
12520.0,Nihon Falcom Corporation,Role-Playing,0.26
12495.0,Namco Bandai Games,Action,0.06
12486.0,Namco Bandai Games,Action,0.06
12476.0,Namco Bandai Games,Strategy,0.06
12449.0,Deep Silver,Role-Playing,0.33
12439.0,Sega,Action,0.06
12433.0,Namco Bandai Games,Action,0.13
12428.0,Nintendo,Action,0.06
12423.0,Namco Bandai Games,Adventure,0.06
12413.0,Activision,Shooter,0.16
12407.0,ArtDink,Simulation,0.06
12400.0,Namco Bandai Games,Misc,0.06
12391.0,D3Publisher,Action,0.06
12375.0,Nintendo,Puzzle,0.07
12361.0,Namco Bandai Games,Action,0.06
12341.0,Sony Computer Entertainment,Action,0.79
12337.0,5pb,Adventure,0.08
12335.0,Microsoft Game Studios,Fighting,0.06
12328.0,Nordic Games,Action,0.22
12313.0,Ackkstudios,Action,0.06
12289.0,D3Publisher,Action,0.06
12282.0,Revolution Software,Adventure,0.07
12259.0,Idea Factory,Strategy,0.06
12250.0,Avanquest,Puzzle,0.06
12245.0,FuRyu,Misc,0.07
12237.0,Happinet,Adventure,0.07
12220.0,Namco Bandai Games,Strategy,0.07
12213.0,Sony Computer Entertainment,Racing,0.07
12207.0,Nippon Ichi Software,Role-Playing,0.07
12199.0,Idea Factory International,Role-Playing,0.07
12195.0,Compile Heart,Role-Playing,0.23
12169.0,Namco Bandai Games,Action,0.13
12166.0,FuRyu,Action,0.07
12160.0,Namco Bandai Games,Role-Playing,0.07
12147.0,Activision,Role-Playing,0.07
12117.0,Namco Bandai Games,Action,0.07
12110.0,Nordic Games,Action,1.42
12107.0,Little Orbit,Action,0.18
12105.0,Kalypso Media,Strategy,0.12
12084.0,Namco Bandai Games,Action,0.07
12078.0,Ubisoft,Action,0.12
12072.0,Nippon Columbia,Action,0.07
12065.0,Namco Bandai Games,Action,0.07
12061.0,Unknown,Action,0.07
12049.0,Ubisoft,Action,2.49
12030.0,Kalypso Media,Simulation,0.14
12026.0,Marvelous Entertainment,Misc,0.07
12024.0,FuRyu,Action,0.07
12022.0,Kadokawa Shoten,Role-Playing,0.32
12019.0,Activision,Puzzle,0.07
12000.0,Namco Bandai Games,Strategy,0.1
11980.0,Namco Bandai Games,Adventure,0.07
11962.0,Falcom Corporation,Role-Playing,0.23
11944.0,Namco Bandai Games,Adventure,0.07
11938.0,Namco Bandai Games,Role-Playing,0.07
11909.0,Namco Bandai Games,Action,0.07
11899.0,Namco Bandai Games,Misc,0.07
11898.0,Nippon Ichi Software,Role-Playing,0.13
11895.0,Capcom,Shooter,0.12
11879.0,Namco Bandai Games,Role-Playing,3.14
11873.0,Ubisoft,Sports,0.25
11860.0,Alchemist,Misc,0.07
11848.0,Sony Computer Entertainment,Action,0.07
11845.0,Aqua Plus,Adventure,0.18
11841.0,Ackkstudios,Sports,0.11
11840.0,Nippon Ichi Software,Role-Playing,0.07
11828.0,Mad Catz,Simulation,0.07
11815.0,Daedalic Entertainment,Adventure,0.07
11799.0,Konami Digital Entertainment,Adventure,0.07
11797.0,Sega,Role-Playing,0.07
11793.0,Namco Bandai Games,Fighting,0.07
11788.0,Namco Bandai Games,Role-Playing,0.25
11785.0,Kadokawa Shoten,Adventure,0.16
11781.0,Screenlife,Fighting,0.07
11775.0,Namco Bandai Games,Misc,0.07
11774.0,Success,Adventure,0.07
11765.0,505 Games,Misc,0.14
11759.0,Rocket Company,Role-Playing,0.07
11735.0,Tecmo Koei,Role-Playing,0.2
11731.0,Alchemist,Action,0.08
11713.0,Spike,Role-Playing,0.08
11703.0,Compile Heart,Role-Playing,0.08
11687.0,Ubisoft,Shooter,0.09
11684.0,Tecmo Koei,Action,0.14
11629.0,Capcom,Role-Playing,0.11
11622.0,Namco Bandai Games,Action,0.08
11606.0,Rocket Company,Role-Playing,0.08
11602.0,Unknown,Sports,0.11
11575.0,Deep Silver,Action,1.49
11559.0,PQube,Action,0.08
11554.0,Ubisoft,Action,0.22
11542.0,Sony Computer Entertainment,Action,0.08
11527.0,Namco Bandai Games,Action,0.08
11523.0,FuRyu,Action,0.08
11519.0,Nippon Columbia,Misc,0.08
11510.0,Acquire,Adventure,0.08
11500.0,Namco Bandai Games,Adventure,0.38
11484.0,Nippon Ichi Software,Role-Playing,0.28
11475.0,Broccoli,Action,0.08
11429.0,Takara Tomy,Misc,0.08
11409.0,Namco Bandai Games,Simulation,0.14
11407.0,Namco Bandai Games,Fighting,0.4
11387.0,Seventh Chord,Action,0.08
11386.0,Takara Tomy,Misc,0.08
11341.0,Koch Media,Simulation,0.08
11329.0,Namco Bandai Games,Adventure,0.08
11313.0,Tecmo Koei,Action,0.08
11285.0,Nordic Games,Racing,0.11
11267.0,Square Enix,Action,0.1
11254.0,Namco Bandai Games,Action,0.08
11246.0,Namco Bandai Games,Role-Playing,0.16
11238.0,Nintendo,Misc,0.09
11214.0,Ubisoft,Strategy,0.09
11205.0,Little Orbit,Action,0.17
11180.0,Deep Silver,Action,0.17
11173.0,Activision,Platform,0.17
11153.0,Namco Bandai Games,Role-Playing,0.09
11150.0,Capcom,Action,0.14
11135.0,Idea Factory International,Action,0.09
11131.0,Tecmo Koei,Strategy,0.11
11077.0,Tecmo Koei,Action,0.2
11068.0,Broccoli,Adventure,0.09
11066.0,Acquire,Role-Playing,0.09
11053.0,Nintendo,Role-Playing,1.02
11035.0,FuRyu,Misc,0.09
11008.0,505 Games,Fighting,0.3
10994.0,Nintendo,Action,0.09
10979.0,Namco Bandai Games,Action,0.16
10959.0,Capcom,Shooter,0.09
10925.0,Nintendo,Puzzle,0.09
10919.0,Namco Bandai Games,Action,0.09
10906.0,Capcom,Action,3.07
10903.0,Atlus,Role-Playing,0.09
10895.0,Broccoli,Adventure,0.09
10893.0,Ubisoft,Action,0.13
10892.0,Activision,Action,2.23
10866.0,Activision,Action,0.19
10865.0,Namco Bandai Games,Platform,0.31
10858.0,Namco Bandai Games,Action,0.09
10813.0,Namco Bandai Games,Sports,0.21
10810.0,Nippon Ichi Software,Role-Playing,0.23
10807.0,Disney Interactive Studios,Action,0.19
10788.0,Image Epoch,Role-Playing,0.1
10785.0,Gust,Adventure,0.1
10758.0,inXile Entertainment,Role-Playing,0.25
10728.0,Capcom,Fighting,0.1
10699.0,Type-Moon,Adventure,0.1
10688.0,Namco Bandai Games,Role-Playing,0.1
10675.0,D3Publisher,Action,0.1
10662.0,Tecmo Koei,Role-Playing,0.19
10660.0,Namco Bandai Games,Fighting,0.16
10635.0,Aqua Plus,Fighting,0.1
10599.0,Activision,Racing,0.18
10591.0,Namco Bandai Games,Action,0.16
10573.0,Namco Bandai Games,Role-Playing,0.1
10562.0,Tecmo Koei,Action,0.15
10545.0,Level 5,Role-Playing,0.1
10515.0,Ubisoft Annecy,Action,0.1
10499.0,Level 5,Role-Playing,0.33
10483.0,Atlus,Role-Playing,0.37
10476.0,Namco Bandai Games,Action,0.1
10475.0,Namco Bandai Games,Shooter,0.1
10450.0,Nintendo,Action,0.1
10443.0,Namco Bandai Games,Action,0.1
10436.0,Namco Bandai Games,Action,0.12
10435.0,Little Orbit,Action,0.45
10433.0,Spike,Action,0.1
10408.0,Ubisoft,Role-Playing,0.16
10407.0,Namco Bandai Games,Action,0.11
10396.0,Xseed Games,Action,0.25
10393.0,Arc System Works,Fighting,0.4
10390.0,Ubisoft Annecy,Action,1.15
10388.0,Namco Bandai Games,Role-Playing,0.11
10337.0,Warner Bros. Interactive Entertainment,Puzzle,0.21
10335.0,Konami Digital Entertainment,Action,0.21
10320.0,Nintendo,Puzzle,0.11
10299.0,Takara Tomy,Misc,0.11
10276.0,Namco Bandai Games,Action,0.11
10270.0,Sega,Role-Playing,0.11
10244.0,Unknown,Action,0.11
10214.0,D3Publisher,Misc,0.26
10154.0,Namco Bandai Games,Action,0.11
10140.0,Nippon Ichi Software,Role-Playing,0.19
10129.0,Ubisoft,Simulation,0.11
10125.0,Namco Bandai Games,Adventure,0.37
10114.0,Tecmo Koei,Action,0.27
10074.0,Nintendo,Action,0.11
10059.0,Sega,Puzzle,0.22
10055.0,Namco Bandai Games,Misc,0.11
10037.0,Nintendo,Sports,0.11
10000.0,Sega,Action,0.91
9991.0,Namco Bandai Games,Role-Playing,0.42
9974.0,From Software,Simulation,0.12
9973.0,Ubisoft,Misc,0.65
9969.0,Idea Factory International,Action,0.12
9958.0,Aksys Games,Role-Playing,0.18
9946.0,Idea Factory,Role-Playing,0.12
9938.0,Kadokawa Games,Misc,0.12
9920.0,Idea Factory International,Action,0.12
9918.0,Tru Blu Entertainment,Sports,0.19
9907.0,Nippon Ichi Software,Action,0.16
9894.0,Namco Bandai Games,Fighting,0.12
9891.0,Bohemia Interactive,Shooter,0.12
9887.0,Broccoli,Action,0.12
9885.0,Square Enix,Shooter,3.49
9869.0,Deep Silver,Role-Playing,0.2
9841.0,Marvelous Entertainment,Action,0.12
9773.0,Sega,Platform,0.12
9770.0,Namco Bandai Games,Action,0.12
9756.0,Bigben Interactive,Sports,0.28
9751.0,N/A,Strategy,0.12
9739.0,Namco Bandai Games,Role-Playing,0.36
9736.0,Namco Bandai Games,Misc,0.15
9729.0,Square Enix,Action,0.16
9685.0,Namco Bandai Games,Action,0.12
9666.0,Ubisoft,Action,0.14
9662.0,Namco Bandai Games,Role-Playing,0.12
9639.0,Nippon Ichi Software,Role-Playing,0.13
9634.0,Namco Bandai Games,Adventure,0.13
9631.0,Level 5,Strategy,0.13
9619.0,Sega,Role-Playing,0.13
9609.0,Sega,Sports,0.2
9593.0,Warner Bros. Interactive Entertainment,Action,6.37
9583.0,Namco Bandai Games,Action,0.13
9578.0,Sony Computer Entertainment,Action,0.13
9558.0,Electronic Arts,Shooter,0.25
9513.0,505 Games,Adventure,0.17
9475.0,Nippon Ichi Software,Fighting,0.13
9473.0,Ubisoft,Misc,0.13
9464.0,Capcom,Misc,0.13
9459.0,Namco Bandai Games,Misc,0.13
9453.0,Konami Digital Entertainment,Shooter,0.23
9419.0,Namco Bandai Games,Action,0.13
9416.0,Namco Bandai Games,Role-Playing,0.13
9395.0,Bigben Interactive,Sports,0.44
9372.0,SCS Software,Action,0.13
9363.0,Namco Bandai Games,Misc,0.13
9362.0,Yacht Club Games,Platform,0.32
9354.0,Konami Digital Entertainment,Role-Playing,0.13
9339.0,Rocket Company,Action,0.13
9328.0,Nihon Falcom Corporation,Action,0.14
9307.0,Warner Bros. Interactive Entertainment,Action,0.14
9294.0,Sega,Role-Playing,0.14
9263.0,PQube,Action,0.31
9245.0,Namco Bandai Games,Sports,0.14
9232.0,Paradox Interactive,Simulation,0.14
9227.0,Atlus,Fighting,0.22
9213.0,Ubisoft Annecy,Action,0.14
9212.0,Sony Computer Entertainment,Fighting,0.14
9193.0,Konami Digital Entertainment,Sports,0.3
9186.0,Capcom,Action,0.14
9146.0,Ubisoft,Action,0.14
9128.0,Excalibur Publishing,Action,0.14
9105.0,Nippon Columbia,Action,0.14
9094.0,Capcom,Action,1.41
9073.0,Marvelous Entertainment,Action,0.14
9039.0,Disney Interactive Studios,Action,3.95
9011.0,Nippon Ichi Software,Role-Playing,0.22
9010.0,D3Publisher,Action,0.3
9009.0,Kadokawa Shoten,Sports,0.14
9003.0,Tecmo Koei,Action,0.26
8991.0,Activision,Action,0.22
8975.0,Namco Bandai Games,Role-Playing,0.15
8948.0,Nippon Columbia,Action,0.15
8947.0,Idea Factory,Adventure,0.15
8895.0,Konami Digital Entertainment,Action,0.28
8867.0,Nihon Falcom Corporation,Role-Playing,0.15
8858.0,Marvelous Entertainment,Simulation,0.15
8856.0,Sony Computer Entertainment,Role-Playing,0.15
8852.0,Nippon Ichi Software,Role-Playing,0.27
8849.0,Disney Interactive Studios,Misc,0.22
8847.0,Konami Digital Entertainment,Action,0.15
8845.0,Namco Bandai Games,Fighting,0.19
8835.0,GungHo,Role-Playing,0.15
8813.0,Namco Bandai Games,Action,0.29
8803.0,Namco Bandai Games,Platform,0.15
8801.0,Square Enix,Misc,0.15
8792.0,Nippon Ichi Software,Role-Playing,0.15
8749.0,Natsume,Simulation,0.15
8748.0,Daedalic,Adventure,0.15
8712.0,System 3,Platform,0.22
8698.0,Namco Bandai Games,Role-Playing,0.16
8678.0,Sega,Role-Playing,0.16
8658.0,Nippon Ichi Software,Role-Playing,0.16
8632.0,Ubisoft,Misc,0.29
8537.0,Deep Silver,Racing,0.26
8530.0,Tecmo Koei,Action,0.24
8475.0,Tecmo Koei,Role-Playing,0.2
8469.0,Sega,Role-Playing,0.16
8466.0,Namco Bandai Games,Action,0.16
8456.0,Namco Bandai Games,Role-Playing,0.17
8453.0,Electronic Arts,Simulation,0.17
8449.0,Konami Digital Entertainment,Sports,0.29
8445.0,NCSoft,Role-Playing,0.17
8433.0,Deep Silver,Sports,0.17
8432.0,Nippon Columbia,Action,0.17
8429.0,Square Enix,Role-Playing,1.53
8416.0,Tecmo Koei,Action,0.52
8379.0,Milestone S.r.l.,Racing,0.28
8368.0,GameMill Entertainment,Action,0.17
8356.0,Electronic Arts,Sports,0.27
8346.0,Nippon Ichi Software,Role-Playing,0.17
8328.0,Activision,Action,0.33
8269.0,Namco Bandai Games,Action,0.17
8263.0,Funcom,Role-Playing,0.17
8235.0,Microsoft Game Studios,Misc,0.17
8234.0,Telltale Games,Adventure,0.37
8226.0,Idea Factory International,Action,0.17
8216.0,Konami Digital Entertainment,Misc,0.17
8160.0,Nippon Ichi Software,Role-Playing,0.76
8145.0,Namco Bandai Games,Action,0.18
8120.0,Nintendo,Misc,0.18
8108.0,Namco Bandai Games,Racing,0.32
8086.0,Sega,Fighting,0.34
8083.0,Arc System Works,Fighting,0.34
8080.0,Namco Bandai Games,Role-Playing,0.18
8076.0,Atlus,Role-Playing,0.26
8060.0,Sega,Misc,0.18
8043.0,Ubisoft,Misc,0.18
8011.0,Milestone S.r.l.,Racing,0.41
8002.0,Electronic Arts,Shooter,0.39
7984.0,Sega,Role-Playing,0.19
7977.0,Microsoft Game Studios,Misc,0.19
7953.0,Namco Bandai Games,Misc,0.19
7942.0,Namco Bandai Games,Action,0.34
7940.0,Sony Computer Entertainment Europe,Misc,0.33
7925.0,505 Games,Sports,0.19
7919.0,Namco Bandai Games,Misc,0.19
7901.0,Namco Bandai Games,Action,0.27
7888.0,Xseed Games,Role-Playing,0.19
7875.0,Ubisoft,Fighting,0.19
7868.0,Nintendo,Action,0.19
7860.0,Idea Factory,Role-Playing,0.19
7831.0,Namco Bandai Games,Action,0.19
7798.0,Screenlife,Role-Playing,0.31
7789.0,Konami Digital Entertainment,Simulation,0.19
7784.0,Capcom,Action,0.19
7770.0,Electronic Arts,Simulation,0.19
7762.0,Spike,Misc,0.45
7731.0,Rebellion Developments,Shooter,0.3
7730.0,Nippon Ichi Software,Role-Playing,0.2
7720.0,Namco Bandai Games,Role-Playing,0.2
7673.0,Konami Digital Entertainment,Sports,0.45
7651.0,Konami Digital Entertainment,Sports,0.46
7643.0,Sega,Strategy,0.2
7634.0,Activision,Sports,0.44
7631.0,Agatsuma Entertainment,Action,0.2
7580.0,Sega,Action,0.2
7550.0,Microsoft Game Studios,Strategy,0.2
7546.0,Nintendo,Fighting,0.2
7540.0,Tecmo Koei,Role-Playing,0.2
7539.0,Nippon Ichi Software,Role-Playing,0.2
7538.0,Sega,Role-Playing,0.2
7496.0,Telltale Games,Adventure,0.49
7493.0,Konami Digital Entertainment,Action,0.45
7484.0,Sega,Action,0.38
7483.0,Nintendo,Action,0.21
7438.0,Ubisoft,Misc,0.21
7436.0,Nippon Ichi Software,Role-Playing,0.21
7419.0,Nintendo,Role-Playing,0.21
7389.0,Marvelous Entertainment,Action,0.21
7386.0,Activision,Action,0.69
7370.0,Codemasters,Racing,0.34
7348.0,Konami Digital Entertainment,Simulation,0.21
7338.0,Nippon Ichi Software,Action,0.43
7320.0,PQube,Adventure,0.54
7311.0,Milestone S.r.l.,Racing,0.45
7309.0,Namco Bandai Games,Action,0.22
7294.0,Electronic Arts,Sports,0.41
7292.0,Nintendo,Strategy,0.22
7290.0,Capcom,Shooter,0.38
7273.0,Nintendo,Adventure,0.22
7270.0,Nintendo,Role-Playing,0.22
7256.0,Activision,Action,0.58
7214.0,Ubisoft,Action,0.22
7204.0,Konami Digital Entertainment,Action,0.36
7202.0,Square Enix,Action,0.4
7183.0,Sony Computer Entertainment,Sports,0.22
7166.0,Sega,Action,0.22
7145.0,Deep Silver,Action,0.34
7143.0,Namco Bandai Games,Role-Playing,0.22
7132.0,Namco Bandai Games,Role-Playing,0.42
7126.0,Marvelous Interactive,Action,0.4
7111.0,Sony Computer Entertainment,Adventure,0.24
7059.0,Electronic Arts,Sports,0.43
6996.0,Tecmo Koei,Action,0.36
6989.0,Sega,Strategy,0.23
6979.0,Nintendo,Action,0.23
6966.0,Ubisoft,Platform,0.66
6963.0,Nippon Ichi Software,Role-Playing,0.23
6950.0,Telltale Games,Adventure,0.87
6948.0,Konami Digital Entertainment,Action,0.24
6930.0,Warner Bros. Interactive Entertainment,Action,5.17
6925.0,Nippon Ichi Software,Action,0.24
6923.0,Nintendo,Misc,0.24
6920.0,Deep Silver,Role-Playing,0.62
6902.0,Nintendo,Platform,0.24
6896.0,Codemasters,Racing,0.43
6855.0,Electronic Arts,Sports,0.43
6841.0,Atlus,Role-Playing,0.24
6795.0,Marvelous Interactive,Adventure,0.24
6781.0,Warner Bros. Interactive Entertainment,Action,0.45
6771.0,Disney Interactive Studios,Simulation,0.7
6745.0,Ubisoft,Strategy,0.25
6726.0,Sega,Action,0.42
6712.0,FuRyu,Role-Playing,0.25
6695.0,Namco Bandai Games,Fighting,0.83
6655.0,Konami Digital Entertainment,Simulation,0.41
6620.0,Sony Computer Entertainment,Platform,0.25
6619.0,Sony Computer Entertainment Europe,Adventure,0.25
6578.0,Sony Computer Entertainment,Action,0.26
6572.0,Namco Bandai Games,Action,0.51
6554.0,Tecmo Koei,Action,0.61
6546.0,Focus Home Interactive,Role-Playing,0.59
6545.0,Focus Home Interactive,Adventure,0.35
6533.0,Sega,Action,0.41
6518.0,Atlus,Role-Playing,0.26
6495.0,Ubisoft,Misc,0.26
6487.0,Konami Digital Entertainment,Sports,0.53
6482.0,Level 5,Sports,0.26
6462.0,Namco Bandai Games,Action,0.26
6451.0,Namco Bandai Games,Action,0.35
6419.0,Tecmo Koei,Action,1.42
6413.0,Activision,Adventure,0.62
6409.0,Unknown,Action,0.27
6408.0,505 Games,Shooter,1.52
6351.0,Nintendo,Action,0.27
6336.0,Focus Home Interactive,Adventure,0.54
6331.0,Capcom,Action,0.27
6327.0,Nippon Ichi Software,Role-Playing,0.27
6311.0,Sega,Misc,0.27
6295.0,Sega,Misc,0.5
6293.0,Focus Home Interactive,Role-Playing,0.36
6279.0,Majesco Entertainment,Misc,0.5
6268.0,Little Orbit,Adventure,0.94
6261.0,Activision,Action,1.33
6258.0,Nippon Columbia,Misc,0.28
6241.0,Sony Computer Entertainment Europe,Platform,0.28
6212.0,Nippon Ichi Software,Action,0.28
6183.0,Nintendo,Misc,0.28
6174.0,Electronic Arts,Shooter,0.54
6151.0,Electronic Arts,Racing,14.08
6113.0,Sony Computer Entertainment,Sports,0.88
6093.0,Activision,Action,0.54
6072.0,Namco Bandai Games,Misc,0.29
6046.0,Nintendo,Misc,0.29
6045.0,Sega,Action,0.29
6043.0,Microsoft Game Studios,Role-Playing,0.29
6021.0,Nihon Falcom Corporation,Action,0.29
6008.0,Sony Computer Entertainment,Action,0.29
5994.0,Take-Two Interactive,Shooter,0.58
5973.0,Sony Computer Entertainment,Action,0.29
5916.0,Nordic Games,Misc,0.3
5909.0,Atlus,Role-Playing,0.76
5884.0,Kalypso Media,Simulation,0.49
5878.0,Tecmo Koei,Action,0.61
5874.0,Capcom,Action,1.69
5869.0,Square Enix,Role-Playing,0.3
5842.0,Nintendo,Action,0.3
5837.0,Namco Bandai Games,Strategy,0.3
5828.0,Namco Bandai Games,Action,0.92
5821.0,Warner Bros. Interactive Entertainment,Adventure,0.5
5805.0,Nippon Ichi Software,Role-Playing,0.53
5791.0,Sony Computer Entertainment,Action,0.31
5790.0,Namco Bandai Games,Strategy,0.31
5765.0,Namco Bandai Games,Action,0.31
5761.0,Sega,Simulation,0.31
5728.0,Namco Bandai Games,Strategy,0.31
5727.0,Sega,Misc,0.31
5615.0,Square Enix,Action,0.8
5593.0,Ubisoft Annecy,Fighting,1.48
5574.0,Sony Computer Entertainment,Action,2.96
5556.0,Namco Bandai Games,Fighting,0.33
5504.0,Namco Bandai Games,Fighting,0.53
5490.0,Sega,Action,0.33
5449.0,Sega,Action,0.52
5431.0,Sony Computer Entertainment,Racing,0.34
5421.0,Microsoft Game Studios,Simulation,0.44
5394.0,Konami Digital Entertainment,Action,0.53
5344.0,Codemasters,Racing,0.66
5307.0,City Interactive,Shooter,0.65
5303.0,Activision,Strategy,1.9
5289.0,Nintendo,Role-Playing,0.35
5279.0,Namco Bandai Games,Action,0.35
5275.0,Capcom,Action,0.59
5244.0,THQ,Strategy,0.36
5234.0,Namco Bandai Games,Strategy,0.36
5233.0,Activision,Shooter,0.79
5210.0,Marvelous Entertainment,Fighting,0.36
5192.0,D3Publisher,Shooter,0.51
5152.0,Take-Two Interactive,Strategy,0.37
5147.0,Square Enix,Misc,0.37
5141.0,Bethesda Softworks,Action,4.3
5088.0,Ubisoft,Sports,0.37
5071.0,Namco Bandai Games,Fighting,0.38
5068.0,Tecmo Koei,Action,0.56
5054.0,Atlus,Role-Playing,0.38
5028.0,Konami Digital Entertainment,Action,0.38
5023.0,Capcom,Adventure,0.38
4998.0,Namco Bandai Games,Role-Playing,0.48
4995.0,Warner Bros. Interactive Entertainment,Action,11.2
4977.0,Deep Silver,Action,3.76
4955.0,Focus Home Interactive,Simulation,1.54
4953.0,Electronic Arts,Sports,0.75
4921.0,Sony Computer Entertainment,Racing,0.39
4919.0,Namco Bandai Games,Role-Playing,0.39
4917.0,Konami Digital Entertainment,Adventure,0.39
4908.0,Take-Two Interactive,Shooter,0.86
4883.0,Codemasters,Racing,0.75
4864.0,Namco Bandai Games,Simulation,0.62
4854.0,Nintendo,Sports,0.4
4800.0,Activision,Action,0.94
4788.0,Sega,Misc,0.65
4784.0,Nintendo,Simulation,0.4
4776.0,Capcom,Action,0.65
4746.0,Nintendo,Action,0.41
4702.0,Electronic Arts,Action,1.1
4679.0,Screenlife,Action,0.41
4659.0,Nintendo,Misc,0.42
4630.0,Bethesda Softworks,Action,0.65
4587.0,Rising Star Games,Role-Playing,0.42
4545.0,Konami Digital Entertainment,Simulation,0.63
4517.0,Square Enix,Action,2.69
4512.0,Harmonix Music Systems,Misc,0.8
4507.0,Ubisoft,Racing,0.7
4443.0,Tecmo Koei,Action,0.88
4426.0,Activision,Action,0.86
4402.0,Nintendo,Sports,0.45
4363.0,Namco Bandai Games,Action,0.96
4360.0,Namco Bandai Games,Role-Playing,0.69
4329.0,Sony Computer Entertainment,Shooter,0.45
4327.0,Activision,Misc,0.73
4319.0,Telltale Games,Adventure,2.36
4314.0,Namco Bandai Games,Role-Playing,0.69
4309.0,Nippon Ichi Software,Misc,0.46
4301.0,Nintendo,Puzzle,0.46
4289.0,Namco Bandai Games,Role-Playing,0.79
4275.0,Koch Media,Simulation,2.64
4249.0,Nintendo,Action,0.46
4215.0,Level 5,Role-Playing,0.47
4206.0,Take-Two Interactive,Sports,0.62
4169.0,Konami Digital Entertainment,Action,0.8
4165.0,Namco Bandai Games,Fighting,0.7
4152.0,Nintendo,Role-Playing,0.47
4137.0,Microsoft Game Studios,Role-Playing,3.14
4127.0,Activision,Action,2.23
4124.0,Sega,Simulation,0.48
4109.0,Activision Blizzard,Action,0.48
4093.0,Nintendo,Sports,0.48
4088.0,Konami Digital Entertainment,Action,0.59
4067.0,Codemasters,Racing,0.85
4057.0,Disney Interactive Studios,Action,0.49
4046.0,Nintendo,Misc,0.49
4034.0,Sega,Platform,0.89
3996.0,Take-Two Interactive,Sports,1.06
3975.0,Square Enix,Misc,0.5
3935.0,Electronic Arts,Action,0.78
3894.0,Square Enix,Role-Playing,0.76
3890.0,Activision,Strategy,0.51
3848.0,Square Enix,Role-Playing,0.52
3813.0,Warner Bros. Interactive Entertainment,Action,0.8
3787.0,Nintendo,Platform,0.53
3765.0,Nippon Ichi Software,Role-Playing,0.91
3713.0,Capcom,Action,1.18
3676.0,Xseed Games,Role-Playing,0.55
3666.0,Activision,Action,1.44
3653.0,Sony Computer Entertainment,Shooter,0.55
3640.0,Electronic Arts,Sports,1.06
3636.0,Sony Computer Entertainment Europe,Platform,0.83
3617.0,Sony Computer Entertainment,Role-Playing,0.56
3595.0,Nintendo,Role-Playing,1.54
3555.0,Electronic Arts,Sports,1.11
3548.0,Take-Two Interactive,Shooter,1.23
3531.0,Trion Worlds,Shooter,1.14
3506.0,Atlus,Role-Playing,0.57
3456.0,Microsoft Game Studios,Sports,0.58
3448.0,Electronic Arts,Sports,1.83
3438.0,Bethesda Softworks,Shooter,1.11
3430.0,Namco Bandai Games,Role-Playing,3.07
3421.0,Namco Bandai Games,Role-Playing,0.97
3403.0,Sega,Action,0.59
3386.0,Ubisoft,Platform,3.22
3376.0,Microsoft Game Studios,Adventure,0.6
3373.0,Warner Bros. Interactive Entertainment,Action,0.98
3353.0,Warner Bros. Interactive Entertainment,Action,2.64
3292.0,Tecmo Koei,Action,0.77
3288.0,Electronic Arts,Sports,1.14
3280.0,Namco Bandai Games,Adventure,0.62
3275.0,Ubisoft,Misc,3.62
3262.0,Electronic Arts,Sports,0.74
3214.0,Sony Computer Entertainment,Action,5.47
3208.0,Activision,Action,1.06
3203.0,Namco Bandai Games,Misc,0.63
3190.0,Codemasters,Racing,0.96
3179.0,Activision,Shooter,1.29
3174.0,Warner Bros. Interactive Entertainment,Action,2.62
3169.0,Sony Computer Entertainment,Action,0.64
3113.0,Sony Computer Entertainment America,Sports,1.18
3093.0,Codemasters,Racing,0.95
3068.0,Namco Bandai Games,Puzzle,0.66
3048.0,Electronic Arts,Sports,1.32
3013.0,Warner Bros. Interactive Entertainment,Action,1.16
2992.0,505 Games,Shooter,1.64
2989.0,Deep Silver,Action,1.98
2981.0,Disney Interactive Studios,Action,2.34
2975.0,Nintendo,Action,0.68
2970.0,Disney Interactive Studios,Platform,1.27
2967.0,Nintendo,Misc,0.69
2962.0,Namco Bandai Games,Action,0.81
2931.0,Sony Computer Entertainment,Action,0.7
2904.0,Sega,Sports,1.29
2903.0,Electronic Arts,Sports,1.18
2901.0,Sony Computer Entertainment,Shooter,0.71
2891.0,Sega,Sports,0.85
2884.0,Nintendo,Misc,0.71
2877.0,Square Enix,Role-Playing,0.71
2870.0,Nippon Ichi Software,Role-Playing,0.71
2864.0,Square Enix,Action,1.2
2862.0,Sony Computer Entertainment,Sports,0.84
2852.0,Nintendo,Role-Playing,5.76
2832.0,Square Enix,Role-Playing,3.34
2826.0,Take-Two Interactive,Strategy,1.96
2824.0,Nintendo,Simulation,0.72
2791.0,Atlus,Fighting,0.87
2786.0,Namco Bandai Games,Fighting,1.19
2773.0,Nintendo,Role-Playing,0.74
2759.0,Take-Two Interactive,Shooter,1.71
2737.0,Sony Computer Entertainment Europe,Adventure,0.75
2731.0,Microsoft Game Studios,Misc,0.75
2730.0,Sega,Strategy,0.76
2703.0,Konami Digital Entertainment,Sports,1.75
2700.0,Namco Bandai Games,Fighting,1.35
2697.0,Warner Bros. Interactive Entertainment,Fighting,8.4
2669.0,Sony Computer Entertainment,Role-Playing,0.77
2645.0,Konami Digital Entertainment,Sports,1.5
2642.0,Sony Computer Entertainment,Action,0.78
2629.0,Nintendo,Puzzle,0.78
2616.0,Square Enix,Role-Playing,2.35
2592.0,Nintendo,Sports,0.8
2585.0,Capcom,Action,2.19
2576.0,Activision,Action,1.65
2574.0,Sega,Shooter,1.62
2554.0,Level 5,Puzzle,0.81
2544.0,Activision,Misc,2.02
2532.0,Sony Computer Entertainment,Action,0.82
2491.0,Microsoft Game Studios,Misc,0.83
2488.0,Take-Two Interactive,Shooter,7.11
2473.0,Take-Two Interactive,Shooter,1.25
2469.0,Capcom,Fighting,1.57
2461.0,Nintendo,Role-Playing,0.84
2458.0,Capcom,Action,1.28
2454.0,Square Enix,Action,2.1
2419.0,Square Enix,Role-Playing,6.07
2414.0,THQ,Action,2.26
2411.0,"mixi, Inc",Action,0.86
2409.0,Namco Bandai Games,Role-Playing,0.87
2372.0,Namco Bandai Games,Fighting,1.42
2351.0,Electronic Arts,Role-Playing,2.07
2350.0,Nintendo,Sports,0.89
2336.0,Sony Computer Entertainment,Platform,0.89
2321.0,Sony Computer Entertainment,Action,0.9
2287.0,Mojang,Adventure,2.89
2279.0,Marvelous Entertainment,Action,0.91
2273.0,Sony Computer Entertainment,Sports,1.35
2268.0,Sony Computer Entertainment,Sports,1.12
2264.0,Electronic Arts,Shooter,2.46
2263.0,Nintendo,Adventure,0.92
2229.0,Electronic Arts,Sports,3.31
2207.0,Namco Bandai Games,Action,1.9
2206.0,Nintendo,Sports,0.94
2194.0,Warner Bros. Interactive Entertainment,Action,4.58
2190.0,Take-Two Interactive,Shooter,1.75
2173.0,Warner Bros. Interactive Entertainment,Action,4.98
2172.0,Namco Bandai Games,Fighting,1.47
2164.0,Square Enix,Role-Playing,0.96
2153.0,Sony Computer Entertainment,Action,1.48
2124.0,Konami Digital Entertainment,Action,1.7
2118.0,Ubisoft,Role-Playing,2.13
2089.0,Ubisoft,Action,2.28
2077.0,Electronic Arts,Action,2.19
2072.0,Sony Computer Entertainment Europe,Shooter,1.0
2055.0,Ubisoft,Platform,3.36
2043.0,Nintendo,Action,1.01
2019.0,Disney Interactive Studios,Action,2.31
2014.0,Electronic Arts,Sports,1.5
2006.0,Slightly Mad Studios,Racing,1.38
1988.0,Nintendo,Role-Playing,1.05
1979.0,Namco Bandai Games,Fighting,2.18
1977.0,THQ,Action,2.05
1969.0,Activision,Action,4.4
1933.0,Codemasters,Racing,1.72
1919.0,Electronic Arts,Sports,1.87
1903.0,Electronic Arts,Action,1.95
1898.0,Take-Two Interactive,Action,55.92
1871.0,Square Enix,Role-Playing,1.39
1852.0,Nintendo,Action,1.1
1845.0,Nintendo,Strategy,1.11
1838.0,Microsoft Game Studios,Shooter,1.11
1834.0,Warner Bros. Interactive Entertainment,Action,1.57
1814.0,Sega,Shooter,2.45
1810.0,Take-Two Interactive,Sports,3.23
1808.0,Nintendo,Role-Playing,1.13
1762.0,Electronic Arts,Shooter,3.23
1736.0,Sega,Sports,1.17
1708.0,Capcom,Action,2.0
1704.0,Nintendo,Role-Playing,1.19
1694.0,Sega,Sports,4.97
1689.0,Nintendo,Puzzle,1.19
1686.0,Take-Two Interactive,Sports,2.32
1685.0,Namco Bandai Games,Action,1.2
1675.0,Take-Two Interactive,Sports,2.86
1672.0,Ubisoft,Misc,3.03
1582.0,Warner Bros. Interactive Entertainment,Action,4.43
1557.0,Nintendo,Role-Playing,1.27
1550.0,Nintendo,Action,1.28
1543.0,Konami Digital Entertainment,Action,2.33
1530.0,Electronic Arts,Sports,2.68
1528.0,Nintendo,Platform,1.29
1490.0,Warner Bros. Interactive Entertainment,Action,5.33
1489.0,Square Enix,Role-Playing,5.65
1480.0,Square Enix,Role-Playing,2.3
1433.0,Microsoft Game Studios,Action,1.36
1432.0,Nintendo,Platform,1.36
1418.0,Microsoft Game Studios,Racing,2.22
1407.0,Atlus,Role-Playing,1.38
1404.0,Nintendo,Role-Playing,1.38
1399.0,THQ,Action,2.83
1372.0,Warner Bros. Interactive Entertainment,Fighting,3.87
1367.0,Square Enix,Action,6.8
1355.0,Square Enix,Role-Playing,5.89
1337.0,Electronic Arts,Simulation,1.44
1316.0,Nintendo,Platform,2.54
1313.0,Electronic Arts,Action,2.96
1301.0,Ubisoft,Shooter,2.6
1298.0,Sony Computer Entertainment,Platform,1.47
1293.0,Konami Digital Entertainment,Action,1.97
1288.0,Ubisoft,Action,1.47
1247.0,GungHo,Role-Playing,1.51
1229.0,Nintendo,Platform,1.52
1212.0,Nintendo,Role-Playing,1.54
1210.0,Microsoft Game Studios,Action,1.54
1209.0,Nintendo,Misc,1.55
1186.0,Konami Digital Entertainment,Sports,2.52
1178.0,Square Enix,Action,1.58
1170.0,Bethesda Softworks,Shooter,3.63
1143.0,Microsoft Game Studios,Shooter,1.61
1124.0,Sony Computer Entertainment Europe,Adventure,1.64
1099.0,Warner Bros. Interactive Entertainment,Action,2.65
1094.0,Activision,Strategy,1.67
1089.0,Sony Computer Entertainment Europe,Platform,1.67
1073.0,Activision,Action,1.69
1051.0,Ubisoft,Racing,2.75
1036.0,Bethesda Softworks,Role-Playing,3.89
1035.0,Sony Computer Entertainment,Shooter,1.72
1031.0,Disney Interactive Studios,Action,5.12
1024.0,Activision,Role-Playing,11.08
1020.0,Microsoft Game Studios,Racing,1.74
1006.0,Square Enix,Role-Playing,8.15
983.0,Nintendo,Misc,1.77
980.0,Nintendo,Action,6.37
979.0,Capcom,Role-Playing,2.58
972.0,Microsoft Game Studios,Action,1.78
971.0,Sony Computer Entertainment,Adventure,1.79
959.0,Bethesda Softworks,Action,4.15
953.0,Nintendo,Platform,1.82
949.0,Square Enix,Action,2.85
947.0,Activision,Role-Playing,1.83
936.0,Nintendo,Misc,1.85
931.0,Sony Computer Entertainment,Platform,2.61
924.0,Nintendo,Platform,8.46
913.0,Nintendo,Role-Playing,1.89
911.0,Electronic Arts,Racing,5.11
910.0,Take-Two Interactive,Shooter,3.99
907.0,Activision,Shooter,3.87
867.0,Take-Two Interactive,Shooter,4.39
860.0,Electronic Arts,Role-Playing,4.81
850.0,Sony Computer Entertainment,Racing,2.0
849.0,Nintendo,Role-Playing,2.0
845.0,Microsoft Game Studios,Racing,2.02
838.0,Electronic Arts,Sports,6.97
822.0,Nintendo,Role-Playing,2.06
799.0,Electronic Arts,Shooter,4.26
760.0,Ubisoft,Shooter,3.66
751.0,Electronic Arts,Sports,5.54
750.0,Microsoft Game Studios,Racing,2.18
747.0,Square Enix,Action,4.2
727.0,Nintendo,Platform,2.22
707.0,Nintendo,Role-Playing,2.27
701.0,Level 5,Action,2.28
700.0,Ubisoft,Misc,4.85
697.0,Sony Computer Entertainment,Action,2.29
693.0,NCSoft,Action,2.3
692.0,Warner Bros. Interactive Entertainment,Action,9.86
682.0,Nintendo,Action,2.32
677.0,Activision,Platform,6.26
663.0,Take-Two Interactive,Sports,7.06
662.0,Sony Computer Entertainment,Action,2.38
656.0,Warner Bros. Interactive Entertainment,Action,4.97
626.0,Take-Two Interactive,Sports,6.72
594.0,Sony Computer Entertainment,Shooter,2.58
572.0,Activision,Action,5.59
562.0,Level 5,Role-Playing,2.68
554.0,Warner Bros. Interactive Entertainment,Fighting,4.1
539.0,Sony Computer Entertainment,Action,2.78
507.0,Electronic Arts,Sports,6.53
495.0,Electronic Arts,Shooter,4.86
479.0,Electronic Arts,Simulation,2.97
477.0,Nintendo,Simulation,2.98
472.0,Warner Bros. Interactive Entertainment,Action,5.85
469.0,Take-Two Interactive,Sports,6.1
468.0,Microsoft Game Studios,Shooter,3.0
458.0,Electronic Arts,Role-Playing,5.78
455.0,Nintendo,Action,3.07
440.0,Microsoft Game Studios,Shooter,3.15
430.0,Nintendo,Platform,3.18
420.0,Nintendo,Role-Playing,3.22
419.0,Electronic Arts,Sports,7.42
415.0,Capcom,Action,3.26
410.0,Ubisoft,Action,4.76
406.0,Nintendo,Misc,3.32
396.0,Konami Digital Entertainment,Action,5.08
384.0,Capcom,Role-Playing,3.44
383.0,Ubisoft,Shooter,7.47
345.0,Sony Computer Entertainment,Racing,3.64
337.0,Electronic Arts,Shooter,14.03
332.0,Namco Bandai Games,Role-Playing,5.64
328.0,Ubisoft,Misc,6.58
323.0,Warner Bros. Interactive Entertainment,Action,5.37
315.0,Take-Two Interactive,Sports,8.03
309.0,Nintendo,Role-Playing,3.89
308.0,Ubisoft,Action,13.16
305.0,Ubisoft,Action,7.93
298.0,Sony Computer Entertainment Europe,Misc,23.73
296.0,Ubisoft,Shooter,8.68
281.0,Ubisoft,Action,9.49
262.0,Nintendo,Platform,4.25
261.0,Microsoft Game Studios,Shooter,4.26
247.0,Nintendo,Misc,4.44
244.0,Sony Computer Entertainment,Action,4.47
236.0,Nintendo,Shooter,4.57
235.0,Nintendo,Action,4.58
189.0,Nintendo,Simulation,5.15
184.0,Nintendo,Platform,5.19
155.0,Activision,Shooter,12.61
147.0,Sony Computer Entertainment Europe,Action,10.54
129.0,Ubisoft,Action,13.1
125.0,Electronic Arts,Sports,19.02
113.0,Electronic Arts,Sports,17.14
112.0,Ubisoft,Misc,8.93
110.0,Bethesda Softworks,Role-Playing,12.28
109.0,Nintendo,Racing,6.96
98.0,Nintendo,Fighting,12.47
94.0,Activision,Shooter,21.9
93.0,Electronic Arts,Shooter,11.7
83.0,Electronic Arts,Action,16.16
82.0,Nintendo,Role-Playing,8.33
78.0,Electronic Arts,Sports,16.44
74.0,Nintendo,Simulation,9.09
66.0,Microsoft Game Studios,Shooter,9.76
65.0,Nintendo,Platform,9.82
62.0,Activision,Shooter,27.38
50.0,Nintendo,Role-Playing,11.33
35.0,Activision,Shooter,29.72
34.0,Activision,Shooter,25.32
33.0,Nintendo,Role-Playing,14.35
